"1","First","Last","Firstuser","email@email.com","2023-03-25 05:55:06"
"2","molly","monno","baba","as@gmail.com","2023-03-25 05:55:10"
"3","Jay","Fourth","Jayfourth","email@email.com","2023-03-25 07:22:34"
"4","shokoy","shoka","baba","mocha@gmail.com","2023-03-25 07:28:33"
"5","shokoy2","shoka2","babamu","mocha2@gmail.com","2023-03-25 07:32:34"
"6","meme","meme","mae","meme@gmail.com","2023-03-25 07:34:05"
"7","momo","momo","mono","momo@gmail.com","2023-03-25 07:39:34"
"8","Jay","Fourth","Jaytest","test@test.com","2023-03-25 07:54:31"
"9","Jayfirst","Jaylast","Jayuser","gmail@email.com","2023-03-25 09:45:09"
"10","poyoyo","molotov","makitid","maricar@gmail.com","2023-03-27 07:56:25"
"11","Attach","Test","sceiiya","test@gmail.com","2023-03-29 12:40:21"
